intersection_id,tollgate_id,time_window,avg_travel_time
A,2,"[2016-10-18 08:00:00,2016-10-18 08:20:00)",65.41062
A,2,"[2016-10-18 08:20:00,2016-10-18 08:40:00)",69.23924
A,2,"[2016-10-18 08:40:00,2016-10-18 09:00:00)",68.18575
A,2,"[2016-10-18 09:00:00,2016-10-18 09:20:00)",67.538956
A,2,"[2016-10-18 09:20:00,2016-10-18 09:40:00)",68.31966
A,2,"[2016-10-18 09:40:00,2016-10-18 10:00:00)",67.13085
A,2,"[2016-10-19 08:00:00,2016-10-19 08:20:00)",68.094604
A,2,"[2016-10-19 08:20:00,2016-10-19 08:40:00)",71.6459
A,2,"[2016-10-19 08:40:00,2016-10-19 09:00:00)",70.70918
A,2,"[2016-10-19 09:00:00,2016-10-19 09:20:00)",69.35074
A,2,"[2016-10-19 09:20:00,2016-10-19 09:40:00)",70.18773
A,2,"[2016-10-19 09:40:00,2016-10-19 10:00:00)",69.03498
A,2,"[2016-10-20 08:00:00,2016-10-20 08:20:00)",66.791794
A,2,"[2016-10-20 08:20:00,2016-10-20 08:40:00)",70.62182
A,2,"[2016-10-20 08:40:00,2016-10-20 09:00:00)",69.43765
A,2,"[2016-10-20 09:00:00,2016-10-20 09:20:00)",69.78064
A,2,"[2016-10-20 09:20:00,2016-10-20 09:40:00)",70.3579
A,2,"[2016-10-20 09:40:00,2016-10-20 10:00:00)",69.184746
A,2,"[2016-10-21 08:00:00,2016-10-21 08:20:00)",60.45301
A,2,"[2016-10-21 08:20:00,2016-10-21 08:40:00)",64.93433
A,2,"[2016-10-21 08:40:00,2016-10-21 09:00:00)",63.610096
A,2,"[2016-10-21 09:00:00,2016-10-21 09:20:00)",60.320217
A,2,"[2016-10-21 09:20:00,2016-10-21 09:40:00)",61.086403
A,2,"[2016-10-21 09:40:00,2016-10-21 10:00:00)",59.827927
A,2,"[2016-10-22 08:00:00,2016-10-22 08:20:00)",62.2823
A,2,"[2016-10-22 08:20:00,2016-10-22 08:40:00)",65.77519
A,2,"[2016-10-22 08:40:00,2016-10-22 09:00:00)",66.32352
A,2,"[2016-10-22 09:00:00,2016-10-22 09:20:00)",69.97217
A,2,"[2016-10-22 09:20:00,2016-10-22 09:40:00)",70.06249
A,2,"[2016-10-22 09:40:00,2016-10-22 10:00:00)",67.825775
A,2,"[2016-10-23 08:00:00,2016-10-23 08:20:00)",62.665215
A,2,"[2016-10-23 08:20:00,2016-10-23 08:40:00)",64.299126
A,2,"[2016-10-23 08:40:00,2016-10-23 09:00:00)",64.384186
A,2,"[2016-10-23 09:00:00,2016-10-23 09:20:00)",68.056244
A,2,"[2016-10-23 09:20:00,2016-10-23 09:40:00)",68.68534
A,2,"[2016-10-23 09:40:00,2016-10-23 10:00:00)",68.18101
A,2,"[2016-10-24 08:00:00,2016-10-24 08:20:00)",67.25333
A,2,"[2016-10-24 08:20:00,2016-10-24 08:40:00)",71.63847
A,2,"[2016-10-24 08:40:00,2016-10-24 09:00:00)",70.58374
A,2,"[2016-10-24 09:00:00,2016-10-24 09:20:00)",66.058914
A,2,"[2016-10-24 09:20:00,2016-10-24 09:40:00)",67.2364
A,2,"[2016-10-24 09:40:00,2016-10-24 10:00:00)",65.43861
A,3,"[2016-10-18 08:00:00,2016-10-18 08:20:00)",121.20358
A,3,"[2016-10-18 08:20:00,2016-10-18 08:40:00)",125.455956
A,3,"[2016-10-18 08:40:00,2016-10-18 09:00:00)",131.5037
A,3,"[2016-10-18 09:00:00,2016-10-18 09:20:00)",135.04608
A,3,"[2016-10-18 09:20:00,2016-10-18 09:40:00)",136.31688
A,3,"[2016-10-18 09:40:00,2016-10-18 10:00:00)",124.03504
A,3,"[2016-10-19 08:00:00,2016-10-19 08:20:00)",130.52084
A,3,"[2016-10-19 08:20:00,2016-10-19 08:40:00)",134.02394
A,3,"[2016-10-19 08:40:00,2016-10-19 09:00:00)",140.3727
A,3,"[2016-10-19 09:00:00,2016-10-19 09:20:00)",141.34613
A,3,"[2016-10-19 09:20:00,2016-10-19 09:40:00)",142.63289
A,3,"[2016-10-19 09:40:00,2016-10-19 10:00:00)",130.2256
A,3,"[2016-10-20 08:00:00,2016-10-20 08:20:00)",126.67227
A,3,"[2016-10-20 08:20:00,2016-10-20 08:40:00)",131.3195
A,3,"[2016-10-20 08:40:00,2016-10-20 09:00:00)",137.51526
A,3,"[2016-10-20 09:00:00,2016-10-20 09:20:00)",138.31151
A,3,"[2016-10-20 09:20:00,2016-10-20 09:40:00)",139.45271
A,3,"[2016-10-20 09:40:00,2016-10-20 10:00:00)",127.338005
A,3,"[2016-10-21 08:00:00,2016-10-21 08:20:00)",113.72892
A,3,"[2016-10-21 08:20:00,2016-10-21 08:40:00)",119.20259
A,3,"[2016-10-21 08:40:00,2016-10-21 09:00:00)",125.187126
A,3,"[2016-10-21 09:00:00,2016-10-21 09:20:00)",122.022446
A,3,"[2016-10-21 09:20:00,2016-10-21 09:40:00)",123.00118
A,3,"[2016-10-21 09:40:00,2016-10-21 10:00:00)",109.88609
A,3,"[2016-10-22 08:00:00,2016-10-22 08:20:00)",114.58263
A,3,"[2016-10-22 08:20:00,2016-10-22 08:40:00)",117.81352
A,3,"[2016-10-22 08:40:00,2016-10-22 09:00:00)",123.493286
A,3,"[2016-10-22 09:00:00,2016-10-22 09:20:00)",131.86775
A,3,"[2016-10-22 09:20:00,2016-10-22 09:40:00)",131.71031
A,3,"[2016-10-22 09:40:00,2016-10-22 10:00:00)",122.69008
A,3,"[2016-10-23 08:00:00,2016-10-23 08:20:00)",119.02584
A,3,"[2016-10-23 08:20:00,2016-10-23 08:40:00)",121.16727
A,3,"[2016-10-23 08:40:00,2016-10-23 09:00:00)",127.60354
A,3,"[2016-10-23 09:00:00,2016-10-23 09:20:00)",134.84889
A,3,"[2016-10-23 09:20:00,2016-10-23 09:40:00)",135.78128
A,3,"[2016-10-23 09:40:00,2016-10-23 10:00:00)",127.33851
A,3,"[2016-10-24 08:00:00,2016-10-24 08:20:00)",127.466446
A,3,"[2016-10-24 08:20:00,2016-10-24 08:40:00)",132.0999
A,3,"[2016-10-24 08:40:00,2016-10-24 09:00:00)",137.91995
A,3,"[2016-10-24 09:00:00,2016-10-24 09:20:00)",137.10416
A,3,"[2016-10-24 09:20:00,2016-10-24 09:40:00)",138.68352
A,3,"[2016-10-24 09:40:00,2016-10-24 10:00:00)",124.261
B,1,"[2016-10-18 08:00:00,2016-10-18 08:20:00)",114.663376
B,1,"[2016-10-18 08:20:00,2016-10-18 08:40:00)",114.34852
B,1,"[2016-10-18 08:40:00,2016-10-18 09:00:00)",116.69297
B,1,"[2016-10-18 09:00:00,2016-10-18 09:20:00)",125.07963
B,1,"[2016-10-18 09:20:00,2016-10-18 09:40:00)",119.40226
B,1,"[2016-10-18 09:40:00,2016-10-18 10:00:00)",119.227715
B,1,"[2016-10-19 08:00:00,2016-10-19 08:20:00)",124.80067
B,1,"[2016-10-19 08:20:00,2016-10-19 08:40:00)",124.59495
B,1,"[2016-10-19 08:40:00,2016-10-19 09:00:00)",125.83238
B,1,"[2016-10-19 09:00:00,2016-10-19 09:20:00)",135.13474
B,1,"[2016-10-19 09:20:00,2016-10-19 09:40:00)",130.11147
B,1,"[2016-10-19 09:40:00,2016-10-19 10:00:00)",131.84885
B,1,"[2016-10-20 08:00:00,2016-10-20 08:20:00)",119.97969
B,1,"[2016-10-20 08:20:00,2016-10-20 08:40:00)",119.79792
B,1,"[2016-10-20 08:40:00,2016-10-20 09:00:00)",120.329605
B,1,"[2016-10-20 09:00:00,2016-10-20 09:20:00)",128.28906
B,1,"[2016-10-20 09:20:00,2016-10-20 09:40:00)",124.0114
B,1,"[2016-10-20 09:40:00,2016-10-20 10:00:00)",124.80317
B,1,"[2016-10-21 08:00:00,2016-10-21 08:20:00)",106.630554
B,1,"[2016-10-21 08:20:00,2016-10-21 08:40:00)",107.19637
B,1,"[2016-10-21 08:40:00,2016-10-21 09:00:00)",108.138626
B,1,"[2016-10-21 09:00:00,2016-10-21 09:20:00)",107.864006
B,1,"[2016-10-21 09:20:00,2016-10-21 09:40:00)",104.58772
B,1,"[2016-10-21 09:40:00,2016-10-21 10:00:00)",105.852486
B,1,"[2016-10-22 08:00:00,2016-10-22 08:20:00)",103.42416
B,1,"[2016-10-22 08:20:00,2016-10-22 08:40:00)",104.096756
B,1,"[2016-10-22 08:40:00,2016-10-22 09:00:00)",104.801704
B,1,"[2016-10-22 09:00:00,2016-10-22 09:20:00)",119.904884
B,1,"[2016-10-22 09:20:00,2016-10-22 09:40:00)",111.3851
B,1,"[2016-10-22 09:40:00,2016-10-22 10:00:00)",112.35922
B,1,"[2016-10-23 08:00:00,2016-10-23 08:20:00)",113.62276
B,1,"[2016-10-23 08:20:00,2016-10-23 08:40:00)",112.6751
B,1,"[2016-10-23 08:40:00,2016-10-23 09:00:00)",114.15377
B,1,"[2016-10-23 09:00:00,2016-10-23 09:20:00)",130.93266
B,1,"[2016-10-23 09:20:00,2016-10-23 09:40:00)",127.05303
B,1,"[2016-10-23 09:40:00,2016-10-23 10:00:00)",129.35999
B,1,"[2016-10-24 08:00:00,2016-10-24 08:20:00)",118.06248
B,1,"[2016-10-24 08:20:00,2016-10-24 08:40:00)",118.05121
B,1,"[2016-10-24 08:40:00,2016-10-24 09:00:00)",119.92661
B,1,"[2016-10-24 09:00:00,2016-10-24 09:20:00)",120.79806
B,1,"[2016-10-24 09:20:00,2016-10-24 09:40:00)",118.69583
B,1,"[2016-10-24 09:40:00,2016-10-24 10:00:00)",119.0667
B,3,"[2016-10-18 08:00:00,2016-10-18 08:20:00)",82.828156
B,3,"[2016-10-18 08:20:00,2016-10-18 08:40:00)",83.95572
B,3,"[2016-10-18 08:40:00,2016-10-18 09:00:00)",87.68208
B,3,"[2016-10-18 09:00:00,2016-10-18 09:20:00)",94.38099
B,3,"[2016-10-18 09:20:00,2016-10-18 09:40:00)",90.07858
B,3,"[2016-10-18 09:40:00,2016-10-18 10:00:00)",86.69798
B,3,"[2016-10-19 08:00:00,2016-10-19 08:20:00)",88.08935
B,3,"[2016-10-19 08:20:00,2016-10-19 08:40:00)",90.136696
B,3,"[2016-10-19 08:40:00,2016-10-19 09:00:00)",94.27511
B,3,"[2016-10-19 09:00:00,2016-10-19 09:20:00)",101.081085
B,3,"[2016-10-19 09:20:00,2016-10-19 09:40:00)",97.56564
B,3,"[2016-10-19 09:40:00,2016-10-19 10:00:00)",94.999695
B,3,"[2016-10-20 08:00:00,2016-10-20 08:20:00)",86.20569
B,3,"[2016-10-20 08:20:00,2016-10-20 08:40:00)",88.01227
B,3,"[2016-10-20 08:40:00,2016-10-20 09:00:00)",90.51911
B,3,"[2016-10-20 09:00:00,2016-10-20 09:20:00)",97.31508
B,3,"[2016-10-20 09:20:00,2016-10-20 09:40:00)",93.521835
B,3,"[2016-10-20 09:40:00,2016-10-20 10:00:00)",90.51245
B,3,"[2016-10-21 08:00:00,2016-10-21 08:20:00)",75.74342
B,3,"[2016-10-21 08:20:00,2016-10-21 08:40:00)",77.6293
B,3,"[2016-10-21 08:40:00,2016-10-21 09:00:00)",81.048515
B,3,"[2016-10-21 09:00:00,2016-10-21 09:20:00)",81.474236
B,3,"[2016-10-21 09:20:00,2016-10-21 09:40:00)",79.41838
B,3,"[2016-10-21 09:40:00,2016-10-21 10:00:00)",77.35945
B,3,"[2016-10-22 08:00:00,2016-10-22 08:20:00)",77.233765
B,3,"[2016-10-22 08:20:00,2016-10-22 08:40:00)",78.325874
B,3,"[2016-10-22 08:40:00,2016-10-22 09:00:00)",80.072624
B,3,"[2016-10-22 09:00:00,2016-10-22 09:20:00)",91.0827
B,3,"[2016-10-22 09:20:00,2016-10-22 09:40:00)",85.07777
B,3,"[2016-10-22 09:40:00,2016-10-22 10:00:00)",82.897804
B,3,"[2016-10-23 08:00:00,2016-10-23 08:20:00)",81.87865
B,3,"[2016-10-23 08:20:00,2016-10-23 08:40:00)",82.73389
B,3,"[2016-10-23 08:40:00,2016-10-23 09:00:00)",85.56238
B,3,"[2016-10-23 09:00:00,2016-10-23 09:20:00)",96.82388
B,3,"[2016-10-23 09:20:00,2016-10-23 09:40:00)",93.956314
B,3,"[2016-10-23 09:40:00,2016-10-23 10:00:00)",92.82497
B,3,"[2016-10-24 08:00:00,2016-10-24 08:20:00)",84.69579
B,3,"[2016-10-24 08:20:00,2016-10-24 08:40:00)",86.27171
B,3,"[2016-10-24 08:40:00,2016-10-24 09:00:00)",89.500015
B,3,"[2016-10-24 09:00:00,2016-10-24 09:20:00)",91.98651
B,3,"[2016-10-24 09:20:00,2016-10-24 09:40:00)",89.729546
B,3,"[2016-10-24 09:40:00,2016-10-24 10:00:00)",86.528885
C,1,"[2016-10-18 08:00:00,2016-10-18 08:20:00)",169.2875
C,1,"[2016-10-18 08:20:00,2016-10-18 08:40:00)",167.38461
C,1,"[2016-10-18 08:40:00,2016-10-18 09:00:00)",169.24397
C,1,"[2016-10-18 09:00:00,2016-10-18 09:20:00)",180.37337
C,1,"[2016-10-18 09:20:00,2016-10-18 09:40:00)",176.86641
C,1,"[2016-10-18 09:40:00,2016-10-18 10:00:00)",177.40436
C,1,"[2016-10-19 08:00:00,2016-10-19 08:20:00)",184.4395
C,1,"[2016-10-19 08:20:00,2016-10-19 08:40:00)",182.14957
C,1,"[2016-10-19 08:40:00,2016-10-19 09:00:00)",182.6051
C,1,"[2016-10-19 09:00:00,2016-10-19 09:20:00)",190.05876
C,1,"[2016-10-19 09:20:00,2016-10-19 09:40:00)",188.0539
C,1,"[2016-10-19 09:40:00,2016-10-19 10:00:00)",191.04105
C,1,"[2016-10-20 08:00:00,2016-10-20 08:20:00)",178.67542
C,1,"[2016-10-20 08:20:00,2016-10-20 08:40:00)",177.54489
C,1,"[2016-10-20 08:40:00,2016-10-20 09:00:00)",177.38225
C,1,"[2016-10-20 09:00:00,2016-10-20 09:20:00)",184.4417
C,1,"[2016-10-20 09:20:00,2016-10-20 09:40:00)",184.76024
C,1,"[2016-10-20 09:40:00,2016-10-20 10:00:00)",186.36244
C,1,"[2016-10-21 08:00:00,2016-10-21 08:20:00)",161.86467
C,1,"[2016-10-21 08:20:00,2016-10-21 08:40:00)",162.14394
C,1,"[2016-10-21 08:40:00,2016-10-21 09:00:00)",162.60959
C,1,"[2016-10-21 09:00:00,2016-10-21 09:20:00)",161.26411
C,1,"[2016-10-21 09:20:00,2016-10-21 09:40:00)",161.31387
C,1,"[2016-10-21 09:40:00,2016-10-21 10:00:00)",162.03708
C,1,"[2016-10-22 08:00:00,2016-10-22 08:20:00)",160.67616
C,1,"[2016-10-22 08:20:00,2016-10-22 08:40:00)",162.3766
C,1,"[2016-10-22 08:40:00,2016-10-22 09:00:00)",162.00941
C,1,"[2016-10-22 09:00:00,2016-10-22 09:20:00)",180.32513
C,1,"[2016-10-22 09:20:00,2016-10-22 09:40:00)",172.14235
C,1,"[2016-10-22 09:40:00,2016-10-22 10:00:00)",173.38254
C,1,"[2016-10-23 08:00:00,2016-10-23 08:20:00)",169.72585
C,1,"[2016-10-23 08:20:00,2016-10-23 08:40:00)",166.90399
C,1,"[2016-10-23 08:40:00,2016-10-23 09:00:00)",167.96667
C,1,"[2016-10-23 09:00:00,2016-10-23 09:20:00)",187.55919
C,1,"[2016-10-23 09:20:00,2016-10-23 09:40:00)",187.15262
C,1,"[2016-10-23 09:40:00,2016-10-23 10:00:00)",190.88655
C,1,"[2016-10-24 08:00:00,2016-10-24 08:20:00)",177.0359
C,1,"[2016-10-24 08:20:00,2016-10-24 08:40:00)",175.92313
C,1,"[2016-10-24 08:40:00,2016-10-24 09:00:00)",177.19151
C,1,"[2016-10-24 09:00:00,2016-10-24 09:20:00)",178.43492
C,1,"[2016-10-24 09:20:00,2016-10-24 09:40:00)",180.36206
C,1,"[2016-10-24 09:40:00,2016-10-24 10:00:00)",182.1723
C,3,"[2016-10-18 08:00:00,2016-10-18 08:20:00)",137.45229
C,3,"[2016-10-18 08:20:00,2016-10-18 08:40:00)",136.99182
C,3,"[2016-10-18 08:40:00,2016-10-18 09:00:00)",140.23308
C,3,"[2016-10-18 09:00:00,2016-10-18 09:20:00)",149.67471
C,3,"[2016-10-18 09:20:00,2016-10-18 09:40:00)",147.54274
C,3,"[2016-10-18 09:40:00,2016-10-18 10:00:00)",144.87462
C,3,"[2016-10-19 08:00:00,2016-10-19 08:20:00)",147.72818
C,3,"[2016-10-19 08:20:00,2016-10-19 08:40:00)",147.69131
C,3,"[2016-10-19 08:40:00,2016-10-19 09:00:00)",151.04782
C,3,"[2016-10-19 09:00:00,2016-10-19 09:20:00)",156.00511
C,3,"[2016-10-19 09:20:00,2016-10-19 09:40:00)",155.50807
C,3,"[2016-10-19 09:40:00,2016-10-19 10:00:00)",154.1919
C,3,"[2016-10-20 08:00:00,2016-10-20 08:20:00)",144.90141
C,3,"[2016-10-20 08:20:00,2016-10-20 08:40:00)",145.75923
C,3,"[2016-10-20 08:40:00,2016-10-20 09:00:00)",147.57175
C,3,"[2016-10-20 09:00:00,2016-10-20 09:20:00)",153.4677
C,3,"[2016-10-20 09:20:00,2016-10-20 09:40:00)",154.27068
C,3,"[2016-10-20 09:40:00,2016-10-20 10:00:00)",152.07173
C,3,"[2016-10-21 08:00:00,2016-10-21 08:20:00)",130.97754
C,3,"[2016-10-21 08:20:00,2016-10-21 08:40:00)",132.57687
C,3,"[2016-10-21 08:40:00,2016-10-21 09:00:00)",135.51949
C,3,"[2016-10-21 09:00:00,2016-10-21 09:20:00)",134.87434
C,3,"[2016-10-21 09:20:00,2016-10-21 09:40:00)",136.14453
C,3,"[2016-10-21 09:40:00,2016-10-21 10:00:00)",133.54404
C,3,"[2016-10-22 08:00:00,2016-10-22 08:20:00)",134.48576
C,3,"[2016-10-22 08:20:00,2016-10-22 08:40:00)",136.60573
C,3,"[2016-10-22 08:40:00,2016-10-22 09:00:00)",137.28033
C,3,"[2016-10-22 09:00:00,2016-10-22 09:20:00)",151.50296
C,3,"[2016-10-22 09:20:00,2016-10-22 09:40:00)",145.83502
C,3,"[2016-10-22 09:40:00,2016-10-22 10:00:00)",143.92111
C,3,"[2016-10-23 08:00:00,2016-10-23 08:20:00)",137.98175
C,3,"[2016-10-23 08:20:00,2016-10-23 08:40:00)",136.96278
C,3,"[2016-10-23 08:40:00,2016-10-23 09:00:00)",139.37529
C,3,"[2016-10-23 09:00:00,2016-10-23 09:20:00)",153.45041
C,3,"[2016-10-23 09:20:00,2016-10-23 09:40:00)",154.05591
C,3,"[2016-10-23 09:40:00,2016-10-23 10:00:00)",154.35153
C,3,"[2016-10-24 08:00:00,2016-10-24 08:20:00)",143.66922
C,3,"[2016-10-24 08:20:00,2016-10-24 08:40:00)",144.14362
C,3,"[2016-10-24 08:40:00,2016-10-24 09:00:00)",146.76491
C,3,"[2016-10-24 09:00:00,2016-10-24 09:20:00)",149.62338
C,3,"[2016-10-24 09:20:00,2016-10-24 09:40:00)",151.39578
C,3,"[2016-10-24 09:40:00,2016-10-24 10:00:00)",149.63449
A,2,"[2016-10-18 17:00:00,2016-10-18 17:20:00)",66.69376
A,2,"[2016-10-18 17:20:00,2016-10-18 17:40:00)",64.683136
A,2,"[2016-10-18 17:40:00,2016-10-18 18:00:00)",65.7377
A,2,"[2016-10-18 18:00:00,2016-10-18 18:20:00)",64.69508
A,2,"[2016-10-18 18:20:00,2016-10-18 18:40:00)",62.851154
A,2,"[2016-10-18 18:40:00,2016-10-18 19:00:00)",63.31542
A,2,"[2016-10-19 17:00:00,2016-10-19 17:20:00)",67.58376
A,2,"[2016-10-19 17:20:00,2016-10-19 17:40:00)",66.5367
A,2,"[2016-10-19 17:40:00,2016-10-19 18:00:00)",67.65597
A,2,"[2016-10-19 18:00:00,2016-10-19 18:20:00)",68.79717
A,2,"[2016-10-19 18:20:00,2016-10-19 18:40:00)",64.90963
A,2,"[2016-10-19 18:40:00,2016-10-19 19:00:00)",65.20956
A,2,"[2016-10-20 17:00:00,2016-10-20 17:20:00)",72.58231
A,2,"[2016-10-20 17:20:00,2016-10-20 17:40:00)",71.952866
A,2,"[2016-10-20 17:40:00,2016-10-20 18:00:00)",72.64747
A,2,"[2016-10-20 18:00:00,2016-10-20 18:20:00)",69.27733
A,2,"[2016-10-20 18:20:00,2016-10-20 18:40:00)",65.59035
A,2,"[2016-10-20 18:40:00,2016-10-20 19:00:00)",65.73007
A,2,"[2016-10-21 17:00:00,2016-10-21 17:20:00)",66.29517
A,2,"[2016-10-21 17:20:00,2016-10-21 17:40:00)",64.69383
A,2,"[2016-10-21 17:40:00,2016-10-21 18:00:00)",65.61947
A,2,"[2016-10-21 18:00:00,2016-10-21 18:20:00)",62.3893
A,2,"[2016-10-21 18:20:00,2016-10-21 18:40:00)",60.188126
A,2,"[2016-10-21 18:40:00,2016-10-21 19:00:00)",60.90655
A,2,"[2016-10-22 17:00:00,2016-10-22 17:20:00)",61.903366
A,2,"[2016-10-22 17:20:00,2016-10-22 17:40:00)",63.015465
A,2,"[2016-10-22 17:40:00,2016-10-22 18:00:00)",63.334362
A,2,"[2016-10-22 18:00:00,2016-10-22 18:20:00)",58.797066
A,2,"[2016-10-22 18:20:00,2016-10-22 18:40:00)",54.725777
A,2,"[2016-10-22 18:40:00,2016-10-22 19:00:00)",55.409748
A,2,"[2016-10-23 17:00:00,2016-10-23 17:20:00)",67.79414
A,2,"[2016-10-23 17:20:00,2016-10-23 17:40:00)",66.051765
A,2,"[2016-10-23 17:40:00,2016-10-23 18:00:00)",66.862366
A,2,"[2016-10-23 18:00:00,2016-10-23 18:20:00)",65.87771
A,2,"[2016-10-23 18:20:00,2016-10-23 18:40:00)",61.934055
A,2,"[2016-10-23 18:40:00,2016-10-23 19:00:00)",62.06461
A,2,"[2016-10-24 17:00:00,2016-10-24 17:20:00)",67.26341
A,2,"[2016-10-24 17:20:00,2016-10-24 17:40:00)",65.6332
A,2,"[2016-10-24 17:40:00,2016-10-24 18:00:00)",66.269714
A,2,"[2016-10-24 18:00:00,2016-10-24 18:20:00)",61.215378
A,2,"[2016-10-24 18:20:00,2016-10-24 18:40:00)",60.232956
A,2,"[2016-10-24 18:40:00,2016-10-24 19:00:00)",60.770638
A,3,"[2016-10-18 17:00:00,2016-10-18 17:20:00)",124.03539
A,3,"[2016-10-18 17:20:00,2016-10-18 17:40:00)",117.87736
A,3,"[2016-10-18 17:40:00,2016-10-18 18:00:00)",118.25223
A,3,"[2016-10-18 18:00:00,2016-10-18 18:20:00)",120.93363
A,3,"[2016-10-18 18:20:00,2016-10-18 18:40:00)",122.057236
A,3,"[2016-10-18 18:40:00,2016-10-18 19:00:00)",124.63957
A,3,"[2016-10-19 17:00:00,2016-10-19 17:20:00)",126.81752
A,3,"[2016-10-19 17:20:00,2016-10-19 17:40:00)",119.01014
A,3,"[2016-10-19 17:40:00,2016-10-19 18:00:00)",119.9286
A,3,"[2016-10-19 18:00:00,2016-10-19 18:20:00)",123.30018
A,3,"[2016-10-19 18:20:00,2016-10-19 18:40:00)",123.94694
A,3,"[2016-10-19 18:40:00,2016-10-19 19:00:00)",126.049065
A,3,"[2016-10-20 17:00:00,2016-10-20 17:20:00)",133.24915
A,3,"[2016-10-20 17:20:00,2016-10-20 17:40:00)",126.07607
A,3,"[2016-10-20 17:40:00,2016-10-20 18:00:00)",126.144936
A,3,"[2016-10-20 18:00:00,2016-10-20 18:20:00)",123.90082
A,3,"[2016-10-20 18:20:00,2016-10-20 18:40:00)",124.26454
A,3,"[2016-10-20 18:40:00,2016-10-20 19:00:00)",127.18933
A,3,"[2016-10-21 17:00:00,2016-10-21 17:20:00)",121.22412
A,3,"[2016-10-21 17:20:00,2016-10-21 17:40:00)",116.79108
A,3,"[2016-10-21 17:40:00,2016-10-21 18:00:00)",117.5878
A,3,"[2016-10-21 18:00:00,2016-10-21 18:20:00)",114.386734
A,3,"[2016-10-21 18:20:00,2016-10-21 18:40:00)",115.47838
A,3,"[2016-10-21 18:40:00,2016-10-21 19:00:00)",118.191864
A,3,"[2016-10-22 17:00:00,2016-10-22 17:20:00)",115.96119
A,3,"[2016-10-22 17:20:00,2016-10-22 17:40:00)",111.29426
A,3,"[2016-10-22 17:40:00,2016-10-22 18:00:00)",111.71986
A,3,"[2016-10-22 18:00:00,2016-10-22 18:20:00)",105.19373
A,3,"[2016-10-22 18:20:00,2016-10-22 18:40:00)",104.84221
A,3,"[2016-10-22 18:40:00,2016-10-22 19:00:00)",107.909836
A,3,"[2016-10-23 17:00:00,2016-10-23 17:20:00)",125.46065
A,3,"[2016-10-23 17:20:00,2016-10-23 17:40:00)",119.26929
A,3,"[2016-10-23 17:40:00,2016-10-23 18:00:00)",119.825905
A,3,"[2016-10-23 18:00:00,2016-10-23 18:20:00)",119.27001
A,3,"[2016-10-23 18:20:00,2016-10-23 18:40:00)",120.25562
A,3,"[2016-10-23 18:40:00,2016-10-23 19:00:00)",122.11954
A,3,"[2016-10-24 17:00:00,2016-10-24 17:20:00)",124.8331
A,3,"[2016-10-24 17:20:00,2016-10-24 17:40:00)",118.982216
A,3,"[2016-10-24 17:40:00,2016-10-24 18:00:00)",119.2517
A,3,"[2016-10-24 18:00:00,2016-10-24 18:20:00)",117.41007
A,3,"[2016-10-24 18:20:00,2016-10-24 18:40:00)",117.2647
A,3,"[2016-10-24 18:40:00,2016-10-24 19:00:00)",120.21747
B,1,"[2016-10-18 17:00:00,2016-10-18 17:20:00)",131.34006
B,1,"[2016-10-18 17:20:00,2016-10-18 17:40:00)",133.96294
B,1,"[2016-10-18 17:40:00,2016-10-18 18:00:00)",138.40108
B,1,"[2016-10-18 18:00:00,2016-10-18 18:20:00)",141.80367
B,1,"[2016-10-18 18:20:00,2016-10-18 18:40:00)",142.42813
B,1,"[2016-10-18 18:40:00,2016-10-18 19:00:00)",144.53108
B,1,"[2016-10-19 17:00:00,2016-10-19 17:20:00)",133.21162
B,1,"[2016-10-19 17:20:00,2016-10-19 17:40:00)",136.90005
B,1,"[2016-10-19 17:40:00,2016-10-19 18:00:00)",139.82608
B,1,"[2016-10-19 18:00:00,2016-10-19 18:20:00)",144.70415
B,1,"[2016-10-19 18:20:00,2016-10-19 18:40:00)",147.3547
B,1,"[2016-10-19 18:40:00,2016-10-19 19:00:00)",147.54726
B,1,"[2016-10-20 17:00:00,2016-10-20 17:20:00)",141.56927
B,1,"[2016-10-20 17:20:00,2016-10-20 17:40:00)",145.64983
B,1,"[2016-10-20 17:40:00,2016-10-20 18:00:00)",149.16595
B,1,"[2016-10-20 18:00:00,2016-10-20 18:20:00)",136.3035
B,1,"[2016-10-20 18:20:00,2016-10-20 18:40:00)",138.85518
B,1,"[2016-10-20 18:40:00,2016-10-20 19:00:00)",139.29836
B,1,"[2016-10-21 17:00:00,2016-10-21 17:20:00)",126.94588
B,1,"[2016-10-21 17:20:00,2016-10-21 17:40:00)",128.22665
B,1,"[2016-10-21 17:40:00,2016-10-21 18:00:00)",134.04144
B,1,"[2016-10-21 18:00:00,2016-10-21 18:20:00)",125.097275
B,1,"[2016-10-21 18:20:00,2016-10-21 18:40:00)",125.68511
B,1,"[2016-10-21 18:40:00,2016-10-21 19:00:00)",127.477936
B,1,"[2016-10-22 17:00:00,2016-10-22 17:20:00)",118.44415
B,1,"[2016-10-22 17:20:00,2016-10-22 17:40:00)",118.61078
B,1,"[2016-10-22 17:40:00,2016-10-22 18:00:00)",123.15545
B,1,"[2016-10-22 18:00:00,2016-10-22 18:20:00)",112.54485
B,1,"[2016-10-22 18:20:00,2016-10-22 18:40:00)",114.75055
B,1,"[2016-10-22 18:40:00,2016-10-22 19:00:00)",115.337814
B,1,"[2016-10-23 17:00:00,2016-10-23 17:20:00)",136.10805
B,1,"[2016-10-23 17:20:00,2016-10-23 17:40:00)",138.81758
B,1,"[2016-10-23 17:40:00,2016-10-23 18:00:00)",143.8798
B,1,"[2016-10-23 18:00:00,2016-10-23 18:20:00)",135.28014
B,1,"[2016-10-23 18:20:00,2016-10-23 18:40:00)",138.48694
B,1,"[2016-10-23 18:40:00,2016-10-23 19:00:00)",138.63733
B,1,"[2016-10-24 17:00:00,2016-10-24 17:20:00)",132.94112
B,1,"[2016-10-24 17:20:00,2016-10-24 17:40:00)",135.91191
B,1,"[2016-10-24 17:40:00,2016-10-24 18:00:00)",140.22644
B,1,"[2016-10-24 18:00:00,2016-10-24 18:20:00)",131.00447
B,1,"[2016-10-24 18:20:00,2016-10-24 18:40:00)",134.26436
B,1,"[2016-10-24 18:40:00,2016-10-24 19:00:00)",135.11569
B,3,"[2016-10-18 17:00:00,2016-10-18 17:20:00)",94.00593
B,3,"[2016-10-18 17:20:00,2016-10-18 17:40:00)",94.014465
B,3,"[2016-10-18 17:40:00,2016-10-18 18:00:00)",95.412025
B,3,"[2016-10-18 18:00:00,2016-10-18 18:20:00)",97.5482
B,3,"[2016-10-18 18:20:00,2016-10-18 18:40:00)",93.80957
B,3,"[2016-10-18 18:40:00,2016-10-18 19:00:00)",98.32494
B,3,"[2016-10-19 17:00:00,2016-10-19 17:20:00)",96.41757
B,3,"[2016-10-19 17:20:00,2016-10-19 17:40:00)",96.456375
B,3,"[2016-10-19 17:40:00,2016-10-19 18:00:00)",97.906784
B,3,"[2016-10-19 18:00:00,2016-10-19 18:20:00)",99.864944
B,3,"[2016-10-19 18:20:00,2016-10-19 18:40:00)",97.017235
B,3,"[2016-10-19 18:40:00,2016-10-19 19:00:00)",100.07591
B,3,"[2016-10-20 17:00:00,2016-10-20 17:20:00)",101.35117
B,3,"[2016-10-20 17:20:00,2016-10-20 17:40:00)",101.81792
B,3,"[2016-10-20 17:40:00,2016-10-20 18:00:00)",102.8153
B,3,"[2016-10-20 18:00:00,2016-10-20 18:20:00)",98.62793
B,3,"[2016-10-20 18:20:00,2016-10-20 18:40:00)",95.44263
B,3,"[2016-10-20 18:40:00,2016-10-20 19:00:00)",98.335655
B,3,"[2016-10-21 17:00:00,2016-10-21 17:20:00)",91.45576
B,3,"[2016-10-21 17:20:00,2016-10-21 17:40:00)",91.69292
B,3,"[2016-10-21 17:40:00,2016-10-21 18:00:00)",93.63402
B,3,"[2016-10-21 18:00:00,2016-10-21 18:20:00)",87.902405
B,3,"[2016-10-21 18:20:00,2016-10-21 18:40:00)",85.80234
B,3,"[2016-10-21 18:40:00,2016-10-21 19:00:00)",87.99421
B,3,"[2016-10-22 17:00:00,2016-10-22 17:20:00)",83.78799
B,3,"[2016-10-22 17:20:00,2016-10-22 17:40:00)",83.61154
B,3,"[2016-10-22 17:40:00,2016-10-22 18:00:00)",86.09834
B,3,"[2016-10-22 18:00:00,2016-10-22 18:20:00)",80.12347
B,3,"[2016-10-22 18:20:00,2016-10-22 18:40:00)",78.71389
B,3,"[2016-10-22 18:40:00,2016-10-22 19:00:00)",80.79692
B,3,"[2016-10-23 17:00:00,2016-10-23 17:20:00)",95.47765
B,3,"[2016-10-23 17:20:00,2016-10-23 17:40:00)",95.38942
B,3,"[2016-10-23 17:40:00,2016-10-23 18:00:00)",97.44626
B,3,"[2016-10-23 18:00:00,2016-10-23 18:20:00)",95.40253
B,3,"[2016-10-23 18:20:00,2016-10-23 18:40:00)",93.179825
B,3,"[2016-10-23 18:40:00,2016-10-23 19:00:00)",96.2399
B,3,"[2016-10-24 17:00:00,2016-10-24 17:20:00)",93.63834
B,3,"[2016-10-24 17:20:00,2016-10-24 17:40:00)",93.800446
B,3,"[2016-10-24 17:40:00,2016-10-24 18:00:00)",95.107414
B,3,"[2016-10-24 18:00:00,2016-10-24 18:20:00)",91.33438
B,3,"[2016-10-24 18:20:00,2016-10-24 18:40:00)",88.4946
B,3,"[2016-10-24 18:40:00,2016-10-24 19:00:00)",92.47346
C,1,"[2016-10-18 17:00:00,2016-10-18 17:20:00)",194.91432
C,1,"[2016-10-18 17:20:00,2016-10-18 17:40:00)",194.95375
C,1,"[2016-10-18 17:40:00,2016-10-18 18:00:00)",202.37447
C,1,"[2016-10-18 18:00:00,2016-10-18 18:20:00)",207.57858
C,1,"[2016-10-18 18:20:00,2016-10-18 18:40:00)",219.45616
C,1,"[2016-10-18 18:40:00,2016-10-18 19:00:00)",214.0323
C,1,"[2016-10-19 17:00:00,2016-10-19 17:20:00)",196.19542
C,1,"[2016-10-19 17:20:00,2016-10-19 17:40:00)",197.23566
C,1,"[2016-10-19 17:40:00,2016-10-19 18:00:00)",203.90349
C,1,"[2016-10-19 18:00:00,2016-10-19 18:20:00)",212.94893
C,1,"[2016-10-19 18:20:00,2016-10-19 18:40:00)",225.89493
C,1,"[2016-10-19 18:40:00,2016-10-19 19:00:00)",218.56006
C,1,"[2016-10-20 17:00:00,2016-10-20 17:20:00)",208.99568
C,1,"[2016-10-20 17:20:00,2016-10-20 17:40:00)",210.57759
C,1,"[2016-10-20 17:40:00,2016-10-20 18:00:00)",217.01517
C,1,"[2016-10-20 18:00:00,2016-10-20 18:20:00)",206.62608
C,1,"[2016-10-20 18:20:00,2016-10-20 18:40:00)",219.8755
C,1,"[2016-10-20 18:40:00,2016-10-20 19:00:00)",212.97021
C,1,"[2016-10-21 17:00:00,2016-10-21 17:20:00)",196.08691
C,1,"[2016-10-21 17:20:00,2016-10-21 17:40:00)",193.9594
C,1,"[2016-10-21 17:40:00,2016-10-21 18:00:00)",203.41998
C,1,"[2016-10-21 18:00:00,2016-10-21 18:20:00)",195.8882
C,1,"[2016-10-21 18:20:00,2016-10-21 18:40:00)",202.50208
C,1,"[2016-10-21 18:40:00,2016-10-21 19:00:00)",201.94044
C,1,"[2016-10-22 17:00:00,2016-10-22 17:20:00)",183.28471
C,1,"[2016-10-22 17:20:00,2016-10-22 17:40:00)",181.15788
C,1,"[2016-10-22 17:40:00,2016-10-22 18:00:00)",187.19017
C,1,"[2016-10-22 18:00:00,2016-10-22 18:20:00)",175.1124
C,1,"[2016-10-22 18:20:00,2016-10-22 18:40:00)",183.53783
C,1,"[2016-10-22 18:40:00,2016-10-22 19:00:00)",180.10184
C,1,"[2016-10-23 17:00:00,2016-10-23 17:20:00)",203.04146
C,1,"[2016-10-23 17:20:00,2016-10-23 17:40:00)",202.56418
C,1,"[2016-10-23 17:40:00,2016-10-23 18:00:00)",210.21036
C,1,"[2016-10-23 18:00:00,2016-10-23 18:20:00)",201.11093
C,1,"[2016-10-23 18:20:00,2016-10-23 18:40:00)",217.13046
C,1,"[2016-10-23 18:40:00,2016-10-23 19:00:00)",207.5783
C,1,"[2016-10-24 17:00:00,2016-10-24 17:20:00)",198.68097
C,1,"[2016-10-24 17:20:00,2016-10-24 17:40:00)",198.9599
C,1,"[2016-10-24 17:40:00,2016-10-24 18:00:00)",205.80676
C,1,"[2016-10-24 18:00:00,2016-10-24 18:20:00)",199.02719
C,1,"[2016-10-24 18:20:00,2016-10-24 18:40:00)",209.67519
C,1,"[2016-10-24 18:40:00,2016-10-24 19:00:00)",205.63567
C,3,"[2016-10-18 17:00:00,2016-10-18 17:20:00)",157.58018
C,3,"[2016-10-18 17:20:00,2016-10-18 17:40:00)",155.0053
C,3,"[2016-10-18 17:40:00,2016-10-18 18:00:00)",159.3854
C,3,"[2016-10-18 18:00:00,2016-10-18 18:20:00)",163.32312
C,3,"[2016-10-18 18:20:00,2016-10-18 18:40:00)",170.8376
C,3,"[2016-10-18 18:40:00,2016-10-18 19:00:00)",167.82617
C,3,"[2016-10-19 17:00:00,2016-10-19 17:20:00)",159.40137
C,3,"[2016-10-19 17:20:00,2016-10-19 17:40:00)",156.79198
C,3,"[2016-10-19 17:40:00,2016-10-19 18:00:00)",161.98419
C,3,"[2016-10-19 18:00:00,2016-10-19 18:20:00)",168.10973
C,3,"[2016-10-19 18:20:00,2016-10-19 18:40:00)",175.55746
C,3,"[2016-10-19 18:40:00,2016-10-19 19:00:00)",171.08871
C,3,"[2016-10-20 17:00:00,2016-10-20 17:20:00)",168.77759
C,3,"[2016-10-20 17:20:00,2016-10-20 17:40:00)",166.74568
C,3,"[2016-10-20 17:40:00,2016-10-20 18:00:00)",170.66452
C,3,"[2016-10-20 18:00:00,2016-10-20 18:20:00)",168.95052
C,3,"[2016-10-20 18:20:00,2016-10-20 18:40:00)",176.46297
C,3,"[2016-10-20 18:40:00,2016-10-20 19:00:00)",172.0075
C,3,"[2016-10-21 17:00:00,2016-10-21 17:20:00)",160.59679
C,3,"[2016-10-21 17:20:00,2016-10-21 17:40:00)",157.42566
C,3,"[2016-10-21 17:40:00,2016-10-21 18:00:00)",163.01256
C,3,"[2016-10-21 18:00:00,2016-10-21 18:20:00)",158.69333
C,3,"[2016-10-21 18:20:00,2016-10-21 18:40:00)",162.6193
C,3,"[2016-10-21 18:40:00,2016-10-21 19:00:00)",162.45671
C,3,"[2016-10-22 17:00:00,2016-10-22 17:20:00)",148.62854
C,3,"[2016-10-22 17:20:00,2016-10-22 17:40:00)",146.15865
C,3,"[2016-10-22 17:40:00,2016-10-22 18:00:00)",150.13307
C,3,"[2016-10-22 18:00:00,2016-10-22 18:20:00)",142.69101
C,3,"[2016-10-22 18:20:00,2016-10-22 18:40:00)",147.50117
C,3,"[2016-10-22 18:40:00,2016-10-22 19:00:00)",145.56094
C,3,"[2016-10-23 17:00:00,2016-10-23 17:20:00)",162.41107
C,3,"[2016-10-23 17:20:00,2016-10-23 17:40:00)",159.13602
C,3,"[2016-10-23 17:40:00,2016-10-23 18:00:00)",163.77682
C,3,"[2016-10-23 18:00:00,2016-10-23 18:20:00)",161.23334
C,3,"[2016-10-23 18:20:00,2016-10-23 18:40:00)",171.82335
C,3,"[2016-10-23 18:40:00,2016-10-23 19:00:00)",165.18085
C,3,"[2016-10-24 17:00:00,2016-10-24 17:20:00)",159.37819
C,3,"[2016-10-24 17:20:00,2016-10-24 17:40:00)",156.84843
C,3,"[2016-10-24 17:40:00,2016-10-24 18:00:00)",160.68774
C,3,"[2016-10-24 18:00:00,2016-10-24 18:20:00)",159.3571
C,3,"[2016-10-24 18:20:00,2016-10-24 18:40:00)",163.90543
C,3,"[2016-10-24 18:40:00,2016-10-24 19:00:00)",162.99342
